{
  "model_type": "resnet",
  "config": {
    "data_dir": "/home/patryk/programming/Machine-Learning-Project-2025-2026/data",
    "output_dir": "/home/patryk/programming/Machine-Learning-Project-2025-2026/outputs/xai_experiments/cifar10",
    "model_type": "resnet",
    "batch_size": 32,
    "num_workers": 2,
    "epochs": 5,
    "learning_rate": 0.001,
    "device": "cuda"
  },
  "training_history": {
    "train_loss": [
      0.9644415192472882,
      0.5892738733185612,
      0.4381728073914541,
      0.31405123400901724,
      0.21948697761902425
    ],
    "train_acc": [
      66.71,
      80.022,
      85.194,
      89.284,
      92.552
    ],
    "test_loss": [
      0.6790792182706796,
      0.518384477343803,
      0.4486689194322775,
      0.30459997732751665,
      0.2553160503482857
    ],
    "test_acc": [
      77.37,
      82.54,
      84.72,
      89.68,
      91.61
    ]
  },
  "final_test_accuracy": 91.61,
  "gradcam_results": {
    "num_samples": 16,
    "accuracy_on_samples": 93.75,
    "predictions": [
      2,
      3,
      2,
      8,
      1,
      4,
      7,
      4,
      4,
      8,
      8,
      9,
      6,
      3,
      4,
      1
    ],
    "true_labels": [
      2,
      3,
      2,
      8,
      1,
      4,
      7,
      5,
      4,
      8,
      8,
      9,
      6,
      3,
      4,
      1
    ],
    "confidences": [
      0.9978336691856384,
      0.8807855844497681,
      0.9997102618217468,
      0.9998396635055542,
      0.9992448091506958,
      0.9500615000724792,
      0.9852762818336487,
      0.5962485671043396,
      0.6974084973335266,
      0.9992927312850952,
      0.9996306896209717,
      0.9574523568153381,
      0.9867632985115051,
      0.9707776308059692,
      0.9999752044677734,
      0.5425392985343933
    ],
    "mean_confidence": 0.9101775027811527
  },
  "total_time_seconds": 288.99381470680237
}