{
  "num_samples": 16,
  "accuracy_on_samples": 93.75,
  "predictions": [
    2,
    3,
    2,
    8,
    1,
    4,
    7,
    4,
    4,
    8,
    8,
    9,
    6,
    3,
    4,
    1
  ],
  "true_labels": [
    2,
    3,
    2,
    8,
    1,
    4,
    7,
    5,
    4,
    8,
    8,
    9,
    6,
    3,
    4,
    1
  ],
  "confidences": [
    0.9978336691856384,
    0.8807855844497681,
    0.9997102618217468,
    0.9998396635055542,
    0.9992448091506958,
    0.9500615000724792,
    0.9852762818336487,
    0.5962485671043396,
    0.6974084973335266,
    0.9992927312850952,
    0.9996306896209717,
    0.9574523568153381,
    0.9867632985115051,
    0.9707776308059692,
    0.9999752044677734,
    0.5425392985343933
  ],
  "mean_confidence": 0.9101775027811527
}