{
  "train_loss": [
    0.9644415192472882,
    0.5892738733185612,
    0.4381728073914541,
    0.31405123400901724,
    0.21948697761902425
  ],
  "train_acc": [
    66.71,
    80.022,
    85.194,
    89.284,
    92.552
  ],
  "test_loss": [
    0.6790792182706796,
    0.518384477343803,
    0.4486689194322775,
    0.30459997732751665,
    0.2553160503482857
  ],
  "test_acc": [
    77.37,
    82.54,
    84.72,
    89.68,
    91.61
  ]
}