{
  "train_loss": [
    0.20218152680017742,
    0.10134731148383881,
    0.0595229659178078,
    0.03363676959565168,
    0.01782678080183714
  ],
  "train_acc": [
    92.21666245972472,
    96.55228733908447,
    97.95988062183551,
    98.80473355209432,
    99.3585650863413
  ],
  "val_loss": [
    0.19263654455986864,
    0.23575310761091905,
    0.23236668122816967,
    0.2709820379311894,
    0.3456008521729969
  ],
  "val_acc": [
    92.88990825688073,
    91.85779816513761,
    92.54587155963303,
    92.31651376146789,
    91.74311926605505
  ]
}